taille1,taille2,tempMoy,memUsage
6,7,0.000000,25
6,5,0.000000,23
10,9,0.000000,31
7,6,0.000000,25
5,6,0.000000,23
